age;sex;TIME_PERIOD;OBS_VALUE
Y1;F;2011;63241
Y1;F;2012;64238
Y1;F;2013;63306
Y1;F;2014;62992
Y1;F;2015;61532
Y1;F;2016;61491
Y1;F;2017;60213
Y1;F;2018;59832
Y1;F;2019;58977
Y1;F;2020;58594
Y1;F;2021;58196
Y1;F;2022;56466
Y1;M;2011;66339
Y1;M;2012;67168
Y1;M;2013;66349
Y1;M;2014;65561
Y1;M;2015;64555
Y1;M;2016;64797
Y1;M;2017;63150
Y1;M;2018;62866
Y1;M;2019;61619
Y1;M;2020;61025
Y1;M;2021;60291
Y1;M;2022;59083
Y10;F;2011;59965
Y10;F;2012;59567
Y10;F;2013;58596
Y10;F;2014;59259
Y10;F;2015;60863
Y10;F;2016;62020
Y10;F;2017;64108
Y10;F;2018;64686
Y10;F;2019;65982
Y10;F;2020;66304
Y10;F;2021;67241
Y10;F;2022;66457
Y10;M;2011;62844
Y10;M;2012;61913
Y10;M;2013;61299
Y10;M;2014;61897
Y10;M;2015;63918
Y10;M;2016;65281
Y10;M;2017;66705
Y10;M;2018;67576
Y10;M;2019;69683
Y10;M;2020;69535
Y10;M;2021;70279
Y10;M;2022;69516
Y11;F;2011;59458
Y11;F;2012;60279
Y11;F;2013;59798
Y11;F;2014;58782
Y11;F;2015;59530
Y11;F;2016;61190
Y11;F;2017;62252
Y11;F;2018;64346
Y11;F;2019;65037
Y11;F;2020;66351
Y11;F;2021;66604
Y11;F;2022;67594
Y11;M;2011;61872
Y11;M;2012;63166
Y11;M;2013;62114
Y11;M;2014;61514
Y11;M;2015;62145
Y11;M;2016;64371
Y11;M;2017;65535
Y11;M;2018;66973
Y11;M;2019;67890
Y11;M;2020;70073
Y11;M;2021;69912
Y11;M;2022;70681
Y12;F;2011;59745
Y12;F;2012;59705
Y12;F;2013;60519
Y12;F;2014;60021
Y12;F;2015;59012
Y12;F;2016;59839
Y12;F;2017;61433
Y12;F;2018;62503
Y12;F;2019;64721
Y12;F;2020;65399
Y12;F;2021;66626
Y12;F;2022;66961
Y12;M;2011;62445
Y12;M;2012;62162
Y12;M;2013;63429
Y12;M;2014;62294
Y12;M;2015;61802
Y12;M;2016;62509
Y12;M;2017;64616
Y12;M;2018;65745
Y12;M;2019;67302
Y12;M;2020;68350
Y12;M;2021;70419
Y12;M;2022;70309
Y13;F;2011;60716
Y13;F;2012;60032
Y13;F;2013;59951
Y13;F;2014;60774
Y13;F;2015;60205
Y13;F;2016;59330
Y13;F;2017;60125
Y13;F;2018;61663
Y13;F;2019;62831
Y13;F;2020;65087
Y13;F;2021;65725
Y13;F;2022;66975
Y13;M;2011;63268
Y13;M;2012;62702
Y13;M;2013;62405
Y13;M;2014;63678
Y13;M;2015;62591
Y13;M;2016;62221
Y13;M;2017;62829
Y13;M;2018;64878
Y13;M;2019;66106
Y13;M;2020;67687
Y13;M;2021;68590
Y13;M;2022;70807
Y14;F;2011;60838
Y14;F;2012;61010
Y14;F;2013;60252
Y14;F;2014;60149
Y14;F;2015;61017
Y14;F;2016;60549
Y14;F;2017;59557
Y14;F;2018;60351
Y14;F;2019;61950
Y14;F;2020;63096
Y14;F;2021;65390
Y14;F;2022;66035
Y14;M;2011;63309
Y14;M;2012;63619
Y14;M;2013;62942
Y14;M;2014;62632
Y14;M;2015;63870
Y14;M;2016;63148
Y14;M;2017;62537
Y14;M;2018;63109
Y14;M;2019;65303
Y14;M;2020;66487
Y14;M;2021;68050
Y14;M;2022;69042
Y15;F;2011;60159
Y15;F;2012;61157
Y15;F;2013;61224
Y15;F;2014;60420
Y15;F;2015;60439
Y15;F;2016;61359
Y15;F;2017;60732
Y15;F;2018;59781
Y15;F;2019;60742
Y15;F;2020;62287
Y15;F;2021;63387
Y15;F;2022;65714
Y15;M;2011;62913
Y15;M;2012;63697
Y15;M;2013;63880
Y15;M;2014;63150
Y15;M;2015;62877
Y15;M;2016;64748
Y15;M;2017;63551
Y15;M;2018;62912
Y15;M;2019;63507
Y15;M;2020;65863
Y15;M;2021;66993
Y15;M;2022;68687
Y16;F;2011;60393
Y16;F;2012;60560
Y16;F;2013;61504
Y16;F;2014;61551
Y16;F;2015;60653
Y16;F;2016;60805
Y16;F;2017;61633
Y16;F;2018;61008
Y16;F;2019;60184
Y16;F;2020;61160
Y16;F;2021;62544
Y16;F;2022;63704
Y16;M;2011;64040
Y16;M;2012;63700
Y16;M;2013;64151
Y16;M;2014;64145
Y16;M;2015;63478
Y16;M;2016;64347
Y16;M;2017;65267
Y16;M;2018;63940
Y16;M;2019;63533
Y16;M;2020;64253
Y16;M;2021;66638
Y16;M;2022;67957
Y17;F;2011;63321
Y17;F;2012;60950
Y17;F;2013;61057
Y17;F;2014;61846
Y17;F;2015;61809
Y17;F;2016;61100
Y17;F;2017;61143
Y17;F;2018;61977
Y17;F;2019;61436
Y17;F;2020;60522
Y17;F;2021;61454
Y17;F;2022;62929
Y17;M;2011;66171
Y17;M;2012;64925
Y17;M;2013;64194
Y17;M;2014;64382
Y17;M;2015;64515
Y17;M;2016;64577
Y17;M;2017;64562
Y17;M;2018;65654
Y17;M;2019;64534
Y17;M;2020;64045
Y17;M;2021;64759
Y17;M;2022;67335
Y18;F;2011;65981
Y18;F;2012;64133
Y18;F;2013;61640
Y18;F;2014;61666
Y18;F;2015;62396
Y18;F;2016;62632
Y18;F;2017;61684
Y18;F;2018;61806
Y18;F;2019;62760
Y18;F;2020;62125
Y18;F;2021;61187
Y18;F;2022;62318
Y18;M;2011;68700
Y18;M;2012;66806
Y18;M;2013;65440
Y18;M;2014;64491
Y18;M;2015;64938
Y18;M;2016;65740
Y18;M;2017;64959
Y18;M;2018;65141
Y18;M;2019;66381
Y18;M;2020;65319
Y18;M;2021;64744
Y18;M;2022;65808
Y19;F;2011;67374
Y19;F;2012;66940
Y19;F;2013;64872
Y19;F;2014;62274
Y19;F;2015;62262
Y19;F;2016;63295
Y19;F;2017;63216
Y19;F;2018;62384
Y19;F;2019;62590
Y19;F;2020;63558
Y19;F;2021;62816
Y19;F;2022;62210
Y19;M;2011;69966
Y19;M;2012;69446
Y19;M;2013;67318
Y19;M;2014;65701
Y19;M;2015;65021
Y19;M;2016;66234
Y19;M;2017;66241
Y19;M;2018;65550
Y19;M;2019;65835
Y19;M;2020;67310
Y19;M;2021;66009
Y19;M;2022;66258
Y2;F;2011;63440
Y2;F;2012;63685
Y2;F;2013;64596
Y2;F;2014;63615
Y2;F;2015;63394
Y2;F;2016;62103
Y2;F;2017;61898
Y2;F;2018;60651
Y2;F;2019;60251
Y2;F;2020;59475
Y2;F;2021;58936
Y2;F;2022;58617
Y2;M;2011;66873
Y2;M;2012;66840
Y2;M;2013;67515
Y2;M;2014;66633
Y2;M;2015;65969
Y2;M;2016;65175
Y2;M;2017;65222
Y2;M;2018;63561
Y2;M;2019;63303
Y2;M;2020;62120
Y2;M;2021;61335
Y2;M;2022;60748
Y20;F;2011;67767
Y20;F;2012;68514
Y20;F;2013;67895
Y20;F;2014;65744
Y20;F;2015;63066
Y20;F;2016;63301
Y20;F;2017;63978
Y20;F;2018;63984
Y20;F;2019;63284
Y20;F;2020;63591
Y20;F;2021;64310
Y20;F;2022;63864
Y20;M;2011;69882
Y20;M;2012;70840
Y20;M;2013;70288
Y20;M;2014;67902
Y20;M;2015;66403
Y20;M;2016;66815
Y20;M;2017;67091
Y20;M;2018;66904
Y20;M;2019;66532
Y20;M;2020;66897
Y20;M;2021;68131
Y20;M;2022;67245
Y21;F;2011;67532
Y21;F;2012;69010
Y21;F;2013;69519
Y21;F;2014;68831
Y21;F;2015;66682
Y21;F;2016;64224
Y21;F;2017;64147
Y21;F;2018;64838
Y21;F;2019;65044
Y21;F;2020;64316
Y21;F;2021;64349
Y21;F;2022;65567
Y21;M;2011;68802
Y21;M;2012;70790
Y21;M;2013;71601
Y21;M;2014;70594
Y21;M;2015;68520
Y21;M;2016;67781
Y21;M;2017;67417
Y21;M;2018;67652
Y21;M;2019;67766
Y21;M;2020;67614
Y21;M;2021;67685
Y21;M;2022;69426
Y22;F;2011;68069
Y22;F;2012;68778
Y22;F;2013;70274
Y22;F;2014;70606
Y22;F;2015;69855
Y22;F;2016;67962
Y22;F;2017;65146
Y22;F;2018;65263
Y22;F;2019;66055
Y22;F;2020;66229
Y22;F;2021;65299
Y22;F;2022;65803
Y22;M;2011;68934
Y22;M;2012;69644
Y22;M;2013;71649
Y22;M;2014;71980
Y22;M;2015;71311
Y22;M;2016;70026
Y22;M;2017;68263
Y22;M;2018;68027
Y22;M;2019;68460
Y22;M;2020;68643
Y22;M;2021;68256
Y22;M;2022;68884
Y23;F;2011;67782
Y23;F;2012;69306
Y23;F;2013;70016
Y23;F;2014;71413
Y23;F;2015;71654
Y23;F;2016;71087
Y23;F;2017;69022
Y23;F;2018;66304
Y23;F;2019;66616
Y23;F;2020;67563
Y23;F;2021;67401
Y23;F;2022;66818
Y23;M;2011;68238
Y23;M;2012;69989
Y23;M;2013;70534
Y23;M;2014;72080
Y23;M;2015;72735
Y23;M;2016;72806
Y23;M;2017;70562
Y23;M;2018;69003
Y23;M;2019;68918
Y23;M;2020;69413
Y23;M;2021;69508
Y23;M;2022;69626
Y24;F;2011;68297
Y24;F;2012;68965
Y24;F;2013;70605
Y24;F;2014;71071
Y24;F;2015;72403
Y24;F;2016;72965
Y24;F;2017;72094
Y24;F;2018;70199
Y24;F;2019;67723
Y24;F;2020;67977
Y24;F;2021;68572
Y24;F;2022;68921
Y24;M;2011;68791
Y24;M;2012;69244
Y24;M;2013;70826
Y24;M;2014;71130
Y24;M;2015;72939
Y24;M;2016;74293
Y24;M;2017;73420
Y24;M;2018;71288
Y24;M;2019;69922
Y24;M;2020;70074
Y24;M;2021;70299
Y24;M;2022;70855
Y25;F;2011;67702
Y25;F;2012;69482
Y25;F;2013;70083
Y25;F;2014;71651
Y25;F;2015;71914
Y25;F;2016;73587
Y25;F;2017;73786
Y25;F;2018;73148
Y25;F;2019;71377
Y25;F;2020;69012
Y25;F;2021;69089
Y25;F;2022;70012
Y25;M;2011;67475
Y25;M;2012;69851
Y25;M;2013;70248
Y25;M;2014;71393
Y25;M;2015;72028
Y25;M;2016;74487
Y25;M;2017;74735
Y25;M;2018;74027
Y25;M;2019;72348
Y25;M;2020;71098
Y25;M;2021;70903
Y25;M;2022;71533
Y26;F;2011;69039
Y26;F;2012;68713
Y26;F;2013;70475
Y26;F;2014;70877
Y26;F;2015;72383
Y26;F;2016;72908
Y26;F;2017;74320
Y26;F;2018;74571
Y26;F;2019;74232
Y26;F;2020;72506
Y26;F;2021;69947
Y26;F;2022;70327
Y26;M;2011;68827
Y26;M;2012;68451
Y26;M;2013;70823
Y26;M;2014;70704
Y26;M;2015;72253
Y26;M;2016;73610
Y26;M;2017;74852
Y26;M;2018;75384
Y26;M;2019;75012
Y26;M;2020;73544
Y26;M;2021;71988
Y26;M;2022;72085
Y27;F;2011;69191
Y27;F;2012;69981
Y27;F;2013;69661
Y27;F;2014;71056
Y27;F;2015;71618
Y27;F;2016;73240
Y27;F;2017;73461
Y27;F;2018;75005
Y27;F;2019;75460
Y27;F;2020;75171
Y27;F;2021;73363
Y27;F;2022;70967
Y27;M;2011;69791
Y27;M;2012;69747
Y27;M;2013;69479
Y27;M;2014;71192
Y27;M;2015;71346
Y27;M;2016;73577
Y27;M;2017;74036
Y27;M;2018;75389
Y27;M;2019;76129
Y27;M;2020;75952
Y27;M;2021;74219
Y27;M;2022;72941
Y28;F;2011;71163
Y28;F;2012;70022
Y28;F;2013;70762
Y28;F;2014;70196
Y28;F;2015;71683
Y28;F;2016;72516
Y28;F;2017;73817
Y28;F;2018;74037
Y28;F;2019;75827
Y28;F;2020;76333
Y28;F;2021;75815
Y28;F;2022;74223
Y28;M;2011;71852
Y28;M;2012;70563
Y28;M;2013;70582
Y28;M;2014;69815
Y28;M;2015;71793
Y28;M;2016;72525
Y28;M;2017;73794
Y28;M;2018;74678
Y28;M;2019;76066
Y28;M;2020;77096
Y28;M;2021;76684
Y28;M;2022;74933
Y29;F;2011;72233
Y29;F;2012;71942
Y29;F;2013;70764
Y29;F;2014;71240
Y29;F;2015;70708
Y29;F;2016;72375
Y29;F;2017;72883
Y29;F;2018;74429
Y29;F;2019;74727
Y29;F;2020;76704
Y29;F;2021;76920
Y29;F;2022;76514
Y29;M;2011;73100
Y29;M;2012;72558
Y29;M;2013;71327
Y29;M;2014;71053
Y29;M;2015;70356
Y29;M;2016;72796
Y29;M;2017;72806
Y29;M;2018;74271
Y29;M;2019;75369
Y29;M;2020;77020
Y29;M;2021;77669
Y29;M;2022;77379
Y3;F;2011;62553
Y3;F;2012;63823
Y3;F;2013;64034
Y3;F;2014;64828
Y3;F;2015;63914
Y3;F;2016;63884
Y3;F;2017;62393
Y3;F;2018;62278
Y3;F;2019;61183
Y3;F;2020;60758
Y3;F;2021;59727
Y3;F;2022;59316
Y3;M;2011;65449
Y3;M;2012;67265
Y3;M;2013;67162
Y3;M;2014;67811
Y3;M;2015;66985
Y3;M;2016;66437
Y3;M;2017;65528
Y3;M;2018;65510
Y3;M;2019;63970
Y3;M;2020;63769
Y3;M;2021;62386
Y3;M;2022;61830
Y30;F;2011;73654
Y30;F;2012;72923
Y30;F;2013;72583
Y30;F;2014;71172
Y30;F;2015;71635
Y30;F;2016;71429
Y30;F;2017;72701
Y30;F;2018;73350
Y30;F;2019;75156
Y30;F;2020;75565
Y30;F;2021;77236
Y30;F;2022;77511
Y30;M;2011;73950
Y30;M;2012;73802
Y30;M;2013;73141
Y30;M;2014;71623
Y30;M;2015;71429
Y30;M;2016;71334
Y30;M;2017;72999
Y30;M;2018;73290
Y30;M;2019;74948
Y30;M;2020;76052
Y30;M;2021;77469
Y30;M;2022;78306
Y31;F;2011;72077
Y31;F;2012;74241
Y31;F;2013;73466
Y31;F;2014;72963
Y31;F;2015;71678
Y31;F;2016;72187
Y31;F;2017;71813
Y31;F;2018;73147
Y31;F;2019;73868
Y31;F;2020;75872
Y31;F;2021;76119
Y31;F;2022;77812
Y31;M;2011;73987
Y31;M;2012;74494
Y31;M;2013;74427
Y31;M;2014;73392
Y31;M;2015;72013
Y31;M;2016;72185
Y31;M;2017;71581
Y31;M;2018;73490
Y31;M;2019;73753
Y31;M;2020;75872
Y31;M;2021;76504
Y31;M;2022;78020
Y32;F;2011;71633
Y32;F;2012;72576
Y32;F;2013;74830
Y32;F;2014;73755
Y32;F;2015;73304
Y32;F;2016;72147
Y32;F;2017;72445
Y32;F;2018;72087
Y32;F;2019;73695
Y32;F;2020;74569
Y32;F;2021;76357
Y32;F;2022;76624
Y32;M;2011;72935
Y32;M;2012;74465
Y32;M;2013;75042
Y32;M;2014;74650
Y32;M;2015;73676
Y32;M;2016;72790
Y32;M;2017;72271
Y32;M;2018;71918
Y32;M;2019;73988
Y32;M;2020;74465
Y32;M;2021;76343
Y32;M;2022;76934
Y33;F;2011;70922
Y33;F;2012;72239
Y33;F;2013;73009
Y33;F;2014;75106
Y33;F;2015;74054
Y33;F;2016;73775
Y33;F;2017;72317
Y33;F;2018;72784
Y33;F;2019;72643
Y33;F;2020;74306
Y33;F;2021;75037
Y33;F;2022;76850
Y33;M;2011;72053
Y33;M;2012;73347
Y33;M;2013;74927
Y33;M;2014;75229
Y33;M;2015;74879
Y33;M;2016;74327
Y33;M;2017;72967
Y33;M;2018;72618
Y33;M;2019;72481
Y33;M;2020;74573
Y33;M;2021;74982
Y33;M;2022;76746
Y34;F;2011;69921
Y34;F;2012;71441
Y34;F;2013;72663
Y34;F;2014;73271
Y34;F;2015;75558
Y34;F;2016;74497
Y34;F;2017;74106
Y34;F;2018;72636
Y34;F;2019;73252
Y34;F;2020;73174
Y34;F;2021;74744
Y34;F;2022;75515
Y34;M;2011;71803
Y34;M;2012;72440
Y34;M;2013;73700
Y34;M;2014;75099
Y34;M;2015;75504
Y34;M;2016;75479
Y34;M;2017;74261
Y34;M;2018;73229
Y34;M;2019;72996
Y34;M;2020;73089
Y34;M;2021;75014
Y34;M;2022;75382
Y35;F;2011;68945
Y35;F;2012;70404
Y35;F;2013;71805
Y35;F;2014;72906
Y35;F;2015;73607
Y35;F;2016;75925
Y35;F;2017;74755
Y35;F;2018;74414
Y35;F;2019;73002
Y35;F;2020;73823
Y35;F;2021;73586
Y35;F;2022;75269
Y35;M;2011;70813
Y35;M;2012;72065
Y35;M;2013;72821
Y35;M;2014;73709
Y35;M;2015;75321
Y35;M;2016;76113
Y35;M;2017;75499
Y35;M;2018;74526
Y35;M;2019;73509
Y35;M;2020;73550
Y35;M;2021;73388
Y35;M;2022;75406
Y36;F;2011;70877
Y36;F;2012;69403
Y36;F;2013;70793
Y36;F;2014;71974
Y36;F;2015;73240
Y36;F;2016;74021
Y36;F;2017;76125
Y36;F;2018;75060
Y36;F;2019;74845
Y36;F;2020;73562
Y36;F;2021;74267
Y36;F;2022;74086
Y36;M;2011;73090
Y36;M;2012;71183
Y36;M;2013;72385
Y36;M;2014;72952
Y36;M;2015;73930
Y36;M;2016;75758
Y36;M;2017;76034
Y36;M;2018;75816
Y36;M;2019;74900
Y36;M;2020;73892
Y36;M;2021;73937
Y36;M;2022;73816
Y37;F;2011;72692
Y37;F;2012;71202
Y37;F;2013;69791
Y37;F;2014;71032
Y37;F;2015;72258
Y37;F;2016;73630
Y37;F;2017;74186
Y37;F;2018;76384
Y37;F;2019;75349
Y37;F;2020;75314
Y37;F;2021;73972
Y37;F;2022;74581
Y37;M;2011;75228
Y37;M;2012;73329
Y37;M;2013;71401
Y37;M;2014;72499
Y37;M;2015;73187
Y37;M;2016;74253
Y37;M;2017;75765
Y37;M;2018;76301
Y37;M;2019;76082
Y37;M;2020;75315
Y37;M;2021;74187
Y37;M;2022;74260
Y38;F;2011;75619
Y38;F;2012;73022
Y38;F;2013;71541
Y38;F;2014;69870
Y38;F;2015;71267
Y38;F;2016;72616
Y38;F;2017;73809
Y38;F;2018;74423
Y38;F;2019;76731
Y38;F;2020;75743
Y38;F;2021;75668
Y38;F;2022;74376
Y38;M;2011;77569
Y38;M;2012;75485
Y38;M;2013;73644
Y38;M;2014;71485
Y38;M;2015;72691
Y38;M;2016;73612
Y38;M;2017;74307
Y38;M;2018;75888
Y38;M;2019;76560
Y38;M;2020;76491
Y38;M;2021;75701
Y38;M;2022;74533
Y39;F;2011;77255
Y39;F;2012;75867
Y39;F;2013;73231
Y39;F;2014;71701
Y39;F;2015;70064
Y39;F;2016;71483
Y39;F;2017;72818
Y39;F;2018;73991
Y39;F;2019;74700
Y39;F;2020;77170
Y39;F;2021;76101
Y39;F;2022;75994
Y39;M;2011;79114
Y39;M;2012;77629
Y39;M;2013;75747
Y39;M;2014;73576
Y39;M;2015;71687
Y39;M;2016;72966
Y39;M;2017;73490
Y39;M;2018;74429
Y39;M;2019;76106
Y39;M;2020;77019
Y39;M;2021;76749
Y39;M;2022;76021
Y4;F;2011;62400
Y4;F;2012;62920
Y4;F;2013;64173
Y4;F;2014;64312
Y4;F;2015;65119
Y4;F;2016;64381
Y4;F;2017;64207
Y4;F;2018;62753
Y4;F;2019;62663
Y4;F;2020;61628
Y4;F;2021;61084
Y4;F;2022;60112
Y4;M;2011;65005
Y4;M;2012;65800
Y4;M;2013;67569
Y4;M;2014;67384
Y4;M;2015;68142
Y4;M;2016;67527
Y4;M;2017;66747
Y4;M;2018;65840
Y4;M;2019;65941
Y4;M;2020;64384
Y4;M;2021;64074
Y4;M;2022;62813
Y40;F;2011;77731
Y40;F;2012;77514
Y40;F;2013;76017
Y40;F;2014;73343
Y40;F;2015;71881
Y40;F;2016;70374
Y40;F;2017;71595
Y40;F;2018;73028
Y40;F;2019;74283
Y40;F;2020;75084
Y40;F;2021;77508
Y40;F;2022;76399
Y40;M;2011;80483
Y40;M;2012;79348
Y40;M;2013;77890
Y40;M;2014;75712
Y40;M;2015;73800
Y40;M;2016;72011
Y40;M;2017;72880
Y40;M;2018;73677
Y40;M;2019;74709
Y40;M;2020;76532
Y40;M;2021;77322
Y40;M;2022;77051
Y41;F;2011;77075
Y41;F;2012;78012
Y41;F;2013;77710
Y41;F;2014;76137
Y41;F;2015;73513
Y41;F;2016;72112
Y41;F;2017;70462
Y41;F;2018;71787
Y41;F;2019;73198
Y41;F;2020;74644
Y41;F;2021;75344
Y41;F;2022;77883
Y41;M;2011;79592
Y41;M;2012;80633
Y41;M;2013;79449
Y41;M;2014;77875
Y41;M;2015;75776
Y41;M;2016;74175
Y41;M;2017;71931
Y41;M;2018;73042
Y41;M;2019;74039
Y41;M;2020;75160
Y41;M;2021;76825
Y41;M;2022;77588
Y42;F;2011;77043
Y42;F;2012;77294
Y42;F;2013;78187
Y42;F;2014;77737
Y42;F;2015;76219
Y42;F;2016;73622
Y42;F;2017;72181
Y42;F;2018;70566
Y42;F;2019;72035
Y42;F;2020;73522
Y42;F;2021;74881
Y42;F;2022;75641
Y42;M;2011;79198
Y42;M;2012;79760
Y42;M;2013;80723
Y42;M;2014;79399
Y42;M;2015;77927
Y42;M;2016;75965
Y42;M;2017;74160
Y42;M;2018;71988
Y42;M;2019;73234
Y42;M;2020;74346
Y42;M;2021;75332
Y42;M;2022;77059
Y43;F;2011;77050
Y43;F;2012;77275
Y43;F;2013;77460
Y43;F;2014;78156
Y43;F;2015;77840
Y43;F;2016;76375
Y43;F;2017;73688
Y43;F;2018;72373
Y43;F;2019;70760
Y43;F;2020;72363
Y43;F;2021;73776
Y43;F;2022;75079
Y43;M;2011;80248
Y43;M;2012;79357
Y43;M;2013;79779
Y43;M;2014;80551
Y43;M;2015;79438
Y43;M;2016;78107
Y43;M;2017;75889
Y43;M;2018;74176
Y43;M;2019;72223
Y43;M;2020;73516
Y43;M;2021;74505
Y43;M;2022;75492
Y44;F;2011;79465
Y44;F;2012;77186
Y44;F;2013;77327
Y44;F;2014;77438
Y44;F;2015;78204
Y44;F;2016;77940
Y44;F;2017;76438
Y44;F;2018;73704
Y44;F;2019;72531
Y44;F;2020;70996
Y44;F;2021;72466
Y44;F;2022;73983
Y44;M;2011;82006
Y44;M;2012;80284
Y44;M;2013;79438
Y44;M;2014;79651
Y44;M;2015;80557
Y44;M;2016;79624
Y44;M;2017;77975
Y44;M;2018;75968
Y44;M;2019;74362
Y44;M;2020;72461
Y44;M;2021;73656
Y44;M;2022;74634
Y45;F;2011;81200
Y45;F;2012;79542
Y45;F;2013;77143
Y45;F;2014;77379
Y45;F;2015;77477
Y45;F;2016;78287
Y45;F;2017;77957
Y45;F;2018;76475
Y45;F;2019;73789
Y45;F;2020;72721
Y45;F;2021;71212
Y45;F;2022;72603
Y45;M;2011;84104
Y45;M;2012;82109
Y45;M;2013;80243
Y45;M;2014;79309
Y45;M;2015;79663
Y45;M;2016;80671
Y45;M;2017;79365
Y45;M;2018;77923
Y45;M;2019;76129
Y45;M;2020;74651
Y45;M;2021;72584
Y45;M;2022;73810
Y46;F;2011;83974
Y46;F;2012;81244
Y46;F;2013;79601
Y46;F;2014;77162
Y46;F;2015;77412
Y46;F;2016;77494
Y46;F;2017;78270
Y46;F;2018;77951
Y46;F;2019;76583
Y46;F;2020;73918
Y46;F;2021;72822
Y46;F;2022;71368
Y46;M;2011;86046
Y46;M;2012;84021
Y46;M;2013;82055
Y46;M;2014;80104
Y46;M;2015;79210
Y46;M;2016;79695
Y46;M;2017;80540
Y46;M;2018;79347
Y46;M;2019;78000
Y46;M;2020;76293
Y46;M;2021;74804
Y46;M;2022;72775
Y47;F;2011;82452
Y47;F;2012;84011
Y47;F;2013;81216
Y47;F;2014;79479
Y47;F;2015;77145
Y47;F;2016;77510
Y47;F;2017;77439
Y47;F;2018;78239
Y47;F;2019;77967
Y47;F;2020;76718
Y47;F;2021;74071
Y47;F;2022;72948
Y47;M;2011;84363
Y47;M;2012;85970
Y47;M;2013;83961
Y47;M;2014;81920
Y47;M;2015;80056
Y47;M;2016;79254
Y47;M;2017;79609
Y47;M;2018;80436
Y47;M;2019;79330
Y47;M;2020;78055
Y47;M;2021;76396
Y47;M;2022;74834
Y48;F;2011;80664
Y48;F;2012;82454
Y48;F;2013;83923
Y48;F;2014;81124
Y48;F;2015;79419
Y48;F;2016;77111
Y48;F;2017;77432
Y48;F;2018;77426
Y48;F;2019;78282
Y48;F;2020;78067
Y48;F;2021;76674
Y48;F;2022;74139
Y48;M;2011;82565
Y48;M;2012;84235
Y48;M;2013;85834
Y48;M;2014;83738
Y48;M;2015;81856
Y48;M;2016;80072
Y48;M;2017;79060
Y48;M;2018;79497
Y48;M;2019;80527
Y48;M;2020;79454
Y48;M;2021;78151
Y48;M;2022;76417
Y49;F;2011;81049
Y49;F;2012;80614
Y49;F;2013;82405
Y49;F;2014;83845
Y49;F;2015;81044
Y49;F;2016;79375
Y49;F;2017;77045
Y49;F;2018;77377
Y49;F;2019;77424
Y49;F;2020;78360
Y49;F;2021;78118
Y49;F;2022;76694
Y49;M;2011;81748
Y49;M;2012;82396
Y49;M;2013;84167
Y49;M;2014;85566
Y49;M;2015;83520
Y49;M;2016;81805
Y49;M;2017;79792
Y49;M;2018;79011
Y49;M;2019;79497
Y49;M;2020;80568
Y49;M;2021;79468
Y49;M;2022;78051
Y5;F;2011;60731
Y5;F;2012;62733
Y5;F;2013;63203
Y5;F;2014;64355
Y5;F;2015;64712
Y5;F;2016;65596
Y5;F;2017;64679
Y5;F;2018;64510
Y5;F;2019;63093
Y5;F;2020;63114
Y5;F;2021;61925
Y5;F;2022;61495
Y5;M;2011;63901
Y5;M;2012;65283
Y5;M;2013;66038
Y5;M;2014;67808
Y5;M;2015;67693
Y5;M;2016;68647
Y5;M;2017;67767
Y5;M;2018;67118
Y5;M;2019;66288
Y5;M;2020;66422
Y5;M;2021;64683
Y5;M;2022;64440
Y50;F;2011;79729
Y50;F;2012;81003
Y50;F;2013;80494
Y50;F;2014;82226
Y50;F;2015;83719
Y50;F;2016;80991
Y50;F;2017;79162
Y50;F;2018;76974
Y50;F;2019;77333
Y50;F;2020;77363
Y50;F;2021;78308
Y50;F;2022;78119
Y50;M;2011;81045
Y50;M;2012;81564
Y50;M;2013;82233
Y50;M;2014;83877
Y50;M;2015;85361
Y50;M;2016;83337
Y50;M;2017;81567
Y50;M;2018;79704
Y50;M;2019;79013
Y50;M;2020;79498
Y50;M;2021;80527
Y50;M;2022;79441
Y51;F;2011;80260
Y51;F;2012;79648
Y51;F;2013;80856
Y51;F;2014;80311
Y51;F;2015;82066
Y51;F;2016;83547
Y51;F;2017;80769
Y51;F;2018;79087
Y51;F;2019;76914
Y51;F;2020;77302
Y51;F;2021;77302
Y51;F;2022;78266
Y51;M;2011;80468
Y51;M;2012;80761
Y51;M;2013;81250
Y51;M;2014;81925
Y51;M;2015;83586
Y51;M;2016;85123
Y51;M;2017;83056
Y51;M;2018;81269
Y51;M;2019;79590
Y51;M;2020;78929
Y51;M;2021;79438
Y51;M;2022;80411
Y52;F;2011;77982
Y52;F;2012;80136
Y52;F;2013;79495
Y52;F;2014;80605
Y52;F;2015;80117
Y52;F;2016;81863
Y52;F;2017;83327
Y52;F;2018;80574
Y52;F;2019;78984
Y52;F;2020;76806
Y52;F;2021;77224
Y52;F;2022;77228
Y52;M;2011;78724
Y52;M;2012;80225
Y52;M;2013;80393
Y52;M;2014;80959
Y52;M;2015;81682
Y52;M;2016;83281
Y52;M;2017;84774
Y52;M;2018;82802
Y52;M;2019;81021
Y52;M;2020;79424
Y52;M;2021;78780
Y52;M;2022;79282
Y53;F;2011;76284
Y53;F;2012;77804
Y53;F;2013;79889
Y53;F;2014;79268
Y53;F;2015;80424
Y53;F;2016;79918
Y53;F;2017;81634
Y53;F;2018;83118
Y53;F;2019;80437
Y53;F;2020;78842
Y53;F;2021;76629
Y53;F;2022;77097
Y53;M;2011;76925
Y53;M;2012;78400
Y53;M;2013;79864
Y53;M;2014;79994
Y53;M;2015;80660
Y53;M;2016;81332
Y53;M;2017;82867
Y53;M;2018;84439
Y53;M;2019;82568
Y53;M;2020;80833
Y53;M;2021;79182
Y53;M;2022;78577
Y54;F;2011;75176
Y54;F;2012;76122
Y54;F;2013;77617
Y54;F;2014;79622
Y54;F;2015;79046
Y54;F;2016;80209
Y54;F;2017;79651
Y54;F;2018;81372
Y54;F;2019;82952
Y54;F;2020;80300
Y54;F;2021;78658
Y54;F;2022;76486
Y54;M;2011;74647
Y54;M;2012;76506
Y54;M;2013;77972
Y54;M;2014;79408
Y54;M;2015;79621
Y54;M;2016;80284
Y54;M;2017;80917
Y54;M;2018;82569
Y54;M;2019;84117
Y54;M;2020;82223
Y54;M;2021;80572
Y54;M;2022;78880
Y55;F;2011;74229
Y55;F;2012;74925
Y55;F;2013;75817
Y55;F;2014;77322
Y55;F;2015;79392
Y55;F;2016;78774
Y55;F;2017;79924
Y55;F;2018;79431
Y55;F;2019;81198
Y55;F;2020;82756
Y55;F;2021;80107
Y55;F;2022;78468
Y55;M;2011;73308
Y55;M;2012;74255
Y55;M;2013;76024
Y55;M;2014;77463
Y55;M;2015;78944
Y55;M;2016;79261
Y55;M;2017;79819
Y55;M;2018;80584
Y55;M;2019;82161
Y55;M;2020;83774
Y55;M;2021;81930
Y55;M;2022;80287
Y56;F;2011;72425
Y56;F;2012;74038
Y56;F;2013;74653
Y56;F;2014;75510
Y56;F;2015;77000
Y56;F;2016;79100
Y56;F;2017;78453
Y56;F;2018;79653
Y56;F;2019;79172
Y56;F;2020;80949
Y56;F;2021;82444
Y56;F;2022;79918
Y56;M;2011;71634
Y56;M;2012;72803
Y56;M;2013;73818
Y56;M;2014;75505
Y56;M;2015;76981
Y56;M;2016;78477
Y56;M;2017;78770
Y56;M;2018;79406
Y56;M;2019;80165
Y56;M;2020;81780
Y56;M;2021;83417
Y56;M;2022;81573
Y57;F;2011;70143
Y57;F;2012;72149
Y57;F;2013;73693
Y57;F;2014;74242
Y57;F;2015;75155
Y57;F;2016;76675
Y57;F;2017;78739
Y57;F;2018;78160
Y57;F;2019;79358
Y57;F;2020;78921
Y57;F;2021;80614
Y57;F;2022;82125
Y57;M;2011;69950
Y57;M;2012;71063
Y57;M;2013;72256
Y57;M;2014;73287
Y57;M;2015;74918
Y57;M;2016;76367
Y57;M;2017;77899
Y57;M;2018;78251
Y57;M;2019;78941
Y57;M;2020;79759
Y57;M;2021;81339
Y57;M;2022;82995
Y58;F;2011;69372
Y58;F;2012;69899
Y58;F;2013;71781
Y58;F;2014;73266
Y58;F;2015;73922
Y58;F;2016;74786
Y58;F;2017;76322
Y58;F;2018;78384
Y58;F;2019;77776
Y58;F;2020;79029
Y58;F;2021;78589
Y58;F;2022;80282
Y58;M;2011;68981
Y58;M;2012;69363
Y58;M;2013;70459
Y58;M;2014;71645
Y58;M;2015;72743
Y58;M;2016;74375
Y58;M;2017;75675
Y58;M;2018;77393
Y58;M;2019;77792
Y58;M;2020;78493
Y58;M;2021;79221
Y58;M;2022;80773
Y59;F;2011;66675
Y59;F;2012;69022
Y59;F;2013;69490
Y59;F;2014;71366
Y59;F;2015;72899
Y59;F;2016;73534
Y59;F;2017;74348
Y59;F;2018;75955
Y59;F;2019;77969
Y59;F;2020;77422
Y59;F;2021;78662
Y59;F;2022;78246
Y59;M;2011;65618
Y59;M;2012;68349
Y59;M;2013;68701
Y59;M;2014;69817
Y59;M;2015;71050
Y59;M;2016;72126
Y59;M;2017;73741
Y59;M;2018;75120
Y59;M;2019;76795
Y59;M;2020;77257
Y59;M;2021;77897
Y59;M;2022;78663
Y6;F;2011;60017
Y6;F;2012;61007
Y6;F;2013;63006
Y6;F;2014;63410
Y6;F;2015;64656
Y6;F;2016;65118
Y6;F;2017;65885
Y6;F;2018;64967
Y6;F;2019;64822
Y6;F;2020;63522
Y6;F;2021;63378
Y6;F;2022;62256
Y6;M;2011;62908
Y6;M;2012;64143
Y6;M;2013;65590
Y6;M;2014;66291
Y6;M;2015;68133
Y6;M;2016;68208
Y6;M;2017;68852
Y6;M;2018;68056
Y6;M;2019;67509
Y6;M;2020;66641
Y6;M;2021;66716
Y6;M;2022;65038
Y60;F;2011;66893
Y60;F;2012;66313
Y60;F;2013;68539
Y60;F;2014;69026
Y60;F;2015;70914
Y60;F;2016;72406
Y60;F;2017;73052
Y60;F;2018;73928
Y60;F;2019;75498
Y60;F;2020;77577
Y60;F;2021;77013
Y60;F;2022;78221
Y60;M;2011;65368
Y60;M;2012;64833
Y60;M;2013;67568
Y60;M;2014;67856
Y60;M;2015;69112
Y60;M;2016;70321
Y60;M;2017;71336
Y60;M;2018;73029
Y60;M;2019;74399
Y60;M;2020;76121
Y60;M;2021;76615
Y60;M;2022;77198
Y61;F;2011;65777
Y61;F;2012;66453
Y61;F;2013;65826
Y61;F;2014;68030
Y61;F;2015;68590
Y61;F;2016;70433
Y61;F;2017;71891
Y61;F;2018;72577
Y61;F;2019;73459
Y61;F;2020;75011
Y61;F;2021;77058
Y61;F;2022;76506
Y61;M;2011;64765
Y61;M;2012;64558
Y61;M;2013;64065
Y61;M;2014;66772
Y61;M;2015;67068
Y61;M;2016;68365
Y61;M;2017;69472
Y61;M;2018;70551
Y61;M;2019;72281
Y61;M;2020;73698
Y61;M;2021;75316
Y61;M;2022;75845
Y62;F;2011;66636
Y62;F;2012;65342
Y62;F;2013;65974
Y62;F;2014;65278
Y62;F;2015;67546
Y62;F;2016;68072
Y62;F;2017;69890
Y62;F;2018;71329
Y62;F;2019;72023
Y62;F;2020;72894
Y62;F;2021;74479
Y62;F;2022;76540
Y62;M;2011;64540
Y62;M;2012;63938
Y62;M;2013;63731
Y62;M;2014;63217
Y62;M;2015;65962
Y62;M;2016;66163
Y62;M;2017;67480
Y62;M;2018;68582
Y62;M;2019;69765
Y62;M;2020;71492
Y62;M;2021;72864
Y62;M;2022;74483
Y63;F;2011;65583
Y63;F;2012;66170
Y63;F;2013;64837
Y63;F;2014;65387
Y63;F;2015;64750
Y63;F;2016;66968
Y63;F;2017;67551
Y63;F;2018;69258
Y63;F;2019;70751
Y63;F;2020;71425
Y63;F;2021;72283
Y63;F;2022;73911
Y63;M;2011;63182
Y63;M;2012;63674
Y63;M;2013;63103
Y63;M;2014;62889
Y63;M;2015;62439
Y63;M;2016;65153
Y63;M;2017;65317
Y63;M;2018;66683
Y63;M;2019;67716
Y63;M;2020;68855
Y63;M;2021;70527
Y63;M;2022;72012
Y64;F;2011;65302
Y64;F;2012;65090
Y64;F;2013;65622
Y64;F;2014;64304
Y64;F;2015;64858
Y64;F;2016;64173
Y64;F;2017;66426
Y64;F;2018;67039
Y64;F;2019;68678
Y64;F;2020;70130
Y64;F;2021;70825
Y64;F;2022;71679
Y64;M;2011;62860
Y64;M;2012;62354
Y64;M;2013;62716
Y64;M;2014;62230
Y64;M;2015;62082
Y64;M;2016;61635
Y64;M;2017;64260
Y64;M;2018;64445
Y64;M;2019;65833
Y64;M;2020;66781
Y64;M;2021;67918
Y64;M;2022;69645
Y65;F;2011;55671
Y65;F;2012;64773
Y65;F;2013;64455
Y65;F;2014;64955
Y65;F;2015;63661
Y65;F;2016;64205
Y65;F;2017;63518
Y65;F;2018;65772
Y65;F;2019;66335
Y65;F;2020;67949
Y65;F;2021;69398
Y65;F;2022;70037
Y65;M;2011;51991
Y65;M;2012;61830
Y65;M;2013;61266
Y65;M;2014;61677
Y65;M;2015;61197
Y65;M;2016;61023
Y65;M;2017;60584
Y65;M;2018;63223
Y65;M;2019;63342
Y65;M;2020;64737
Y65;M;2021;65688
Y65;M;2022;66822
Y66;F;2011;54953
Y66;F;2012;55156
Y66;F;2013;64151
Y66;F;2014;63758
Y66;F;2015;64293
Y66;F;2016;63038
Y66;F;2017;63552
Y66;F;2018;62914
Y66;F;2019;65081
Y66;F;2020;65673
Y66;F;2021;67316
Y66;F;2022;68755
Y66;M;2011;51222
Y66;M;2012;51044
Y66;M;2013;60777
Y66;M;2014;60128
Y66;M;2015;60558
Y66;M;2016;60158
Y66;M;2017;59942
Y66;M;2018;59527
Y66;M;2019;62160
Y66;M;2020;62277
Y66;M;2021;63596
Y66;M;2022;64557
Y67;F;2011;51957
Y67;F;2012;54465
Y67;F;2013;54574
Y67;F;2014;63458
Y67;F;2015;63099
Y67;F;2016;63678
Y67;F;2017;62424
Y67;F;2018;62908
Y67;F;2019;62261
Y67;F;2020;64415
Y67;F;2021;65047
Y67;F;2022;66601
Y67;M;2011;48014
Y67;M;2012;50357
Y67;M;2013;50014
Y67;M;2014;59620
Y67;M;2015;59066
Y67;M;2016;59519
Y67;M;2017;59139
Y67;M;2018;58876
Y67;M;2019;58454
Y67;M;2020;61073
Y67;M;2021;61151
Y67;M;2022;62412
Y68;F;2011;45622
Y68;F;2012;51409
Y68;F;2013;53894
Y68;F;2014;53957
Y68;F;2015;62770
Y68;F;2016;62447
Y68;F;2017;63052
Y68;F;2018;61794
Y68;F;2019;62258
Y68;F;2020;61628
Y68;F;2021;63703
Y68;F;2022;64327
Y68;M;2011;41779
Y68;M;2012;47048
Y68;M;2013;49417
Y68;M;2014;49057
Y68;M;2015;58458
Y68;M;2016;57912
Y68;M;2017;58334
Y68;M;2018;58008
Y68;M;2019;57791
Y68;M;2020;57451
Y68;M;2021;59857
Y68;M;2022;60032
Y69;F;2011;41778
Y69;F;2012;45157
Y69;F;2013;50790
Y69;F;2014;53254
Y69;F;2015;53366
Y69;F;2016;62060
Y69;F;2017;61743
Y69;F;2018;62374
Y69;F;2019;61110
Y69;F;2020;61616
Y69;F;2021;60872
Y69;F;2022;62947
Y69;M;2011;37213
Y69;M;2012;40923
Y69;M;2013;46032
Y69;M;2014;48340
Y69;M;2015;47992
Y69;M;2016;57280
Y69;M;2017;56784
Y69;M;2018;57181
Y69;M;2019;56840
Y69;M;2020;56710
Y69;M;2021;56179
Y69;M;2022;58662
Y7;F;2011;58632
Y7;F;2012;60190
Y7;F;2013;61139
Y7;F;2014;63171
Y7;F;2015;63690
Y7;F;2016;65105
Y7;F;2017;65304
Y7;F;2018;66153
Y7;F;2019;65318
Y7;F;2020;65235
Y7;F;2021;63779
Y7;F;2022;63693
Y7;M;2011;61221
Y7;M;2012;63211
Y7;M;2013;64348
Y7;M;2014;65751
Y7;M;2015;66545
Y7;M;2016;68635
Y7;M;2017;68477
Y7;M;2018;69217
Y7;M;2019;68336
Y7;M;2020;68010
Y7;M;2021;66884
Y7;M;2022;67080
Y70;F;2011;46634
Y70;F;2012;41260
Y70;F;2013;44616
Y70;F;2014;50146
Y70;F;2015;52612
Y70;F;2016;52760
Y70;F;2017;61297
Y70;F;2018;60964
Y70;F;2019;61630
Y70;F;2020;60401
Y70;F;2021;60843
Y70;F;2022;60087
Y70;M;2011;40644
Y70;M;2012;36443
Y70;M;2013;39967
Y70;M;2014;45023
Y70;M;2015;47242
Y70;M;2016;46948
Y70;M;2017;56035
Y70;M;2018;55583
Y70;M;2019;55949
Y70;M;2020;55675
Y70;M;2021;55460
Y70;M;2022;54963
Y71;F;2011;50497
Y71;F;2012;46043
Y71;F;2013;40626
Y71;F;2014;44038
Y71;F;2015;49443
Y71;F;2016;51927
Y71;F;2017;52085
Y71;F;2018;60500
Y71;F;2019;60232
Y71;F;2020;60773
Y71;F;2021;59616
Y71;F;2022;60012
Y71;M;2011;43010
Y71;M;2012;39670
Y71;M;2013;35496
Y71;M;2014;38954
Y71;M;2015;43927
Y71;M;2016;46145
Y71;M;2017;45876
Y71;M;2018;54819
Y71;M;2019;54345
Y71;M;2020;54761
Y71;M;2021;54317
Y71;M;2022;54159
Y72;F;2011;50765
Y72;F;2012;49774
Y72;F;2013;45336
Y72;F;2014;40010
Y72;F;2015;43412
Y72;F;2016;48748
Y72;F;2017;51194
Y72;F;2018;51362
Y72;F;2019;59708
Y72;F;2020;59436
Y72;F;2021;59833
Y72;F;2022;58729
Y72;M;2011;42868
Y72;M;2012;41853
Y72;M;2013;38602
Y72;M;2014;34584
Y72;M;2015;37973
Y72;M;2016;42839
Y72;M;2017;44985
Y72;M;2018;44763
Y72;M;2019;53512
Y72;M;2020;53083
Y72;M;2021;53354
Y72;M;2022;53000
Y73;F;2011;48129
Y73;F;2012;49960
Y73;F;2013;48981
Y73;F;2014;44576
Y73;F;2015;39399
Y73;F;2016;42740
Y73;F;2017;47995
Y73;F;2018;50352
Y73;F;2019;50554
Y73;F;2020;58791
Y73;F;2021;58454
Y73;F;2022;58908
Y73;M;2011;40677
Y73;M;2012;41681
Y73;M;2013;40627
Y73;M;2014;37479
Y73;M;2015;33610
Y73;M;2016;36911
Y73;M;2017;41632
Y73;M;2018;43781
Y73;M;2019;43571
Y73;M;2020;52074
Y73;M;2021;51557
Y73;M;2022;51942
Y74;F;2011;46968
Y74;F;2012;47330
Y74;F;2013;49046
Y74;F;2014;48131
Y74;F;2015;43829
Y74;F;2016;38696
Y74;F;2017;42057
Y74;F;2018;47186
Y74;F;2019;49472
Y74;F;2020;49732
Y74;F;2021;57691
Y74;F;2022;57495
Y74;M;2011;38183
Y74;M;2012;39399
Y74;M;2013;40296
Y74;M;2014;39266
Y74;M;2015;36422
Y74;M;2016;32622
Y74;M;2017;35790
Y74;M;2018;40409
Y74;M;2019;42565
Y74;M;2020;42320
Y74;M;2021;50386
Y74;M;2022;49976
Y75;F;2011;46181
Y75;F;2012;46161
Y75;F;2013;46405
Y75;F;2014;48099
Y75;F;2015;47233
Y75;F;2016;42980
Y75;F;2017;37991
Y75;F;2018;41301
Y75;F;2019;46295
Y75;F;2020;48564
Y75;F;2021;48730
Y75;F;2022;56542
Y75;M;2011;36531
Y75;M;2012;36895
Y75;M;2013;38059
Y75;M;2014;38935
Y75;M;2015;37960
Y75;M;2016;35234
Y75;M;2017;31580
Y75;M;2018;34688
Y75;M;2019;39164
Y75;M;2020;41244
Y75;M;2021;40826
Y75;M;2022;48763
Y76;F;2011;46428
Y76;F;2012;45261
Y76;F;2013;45196
Y76;F;2014;45396
Y76;F;2015;47089
Y76;F;2016;46254
Y76;F;2017;42077
Y76;F;2018;37214
Y76;F;2019;40482
Y76;F;2020;45394
Y76;F;2021;47495
Y76;F;2022;47740
Y76;M;2011;35856
Y76;M;2012;35177
Y76;M;2013;35473
Y76;M;2014;36571
Y76;M;2015;37629
Y76;M;2016;36608
Y76;M;2017;33965
Y76;M;2018;30421
Y76;M;2019;33539
Y76;M;2020;37849
Y76;M;2021;39719
Y76;M;2022;39346
Y77;F;2011;45392
Y77;F;2012;45316
Y77;F;2013;44141
Y77;F;2014;44100
Y77;F;2015;44442
Y77;F;2016;46031
Y77;F;2017;45205
Y77;F;2018;41067
Y77;F;2019;36393
Y77;F;2020;39614
Y77;F;2021;44267
Y77;F;2022;46369
Y77;M;2011;34167
Y77;M;2012;34374
Y77;M;2013;33703
Y77;M;2014;33979
Y77;M;2015;35144
Y77;M;2016;36039
Y77;M;2017;35125
Y77;M;2018;32641
Y77;M;2019;29253
Y77;M;2020;32320
Y77;M;2021;36238
Y77;M;2022;38211
Y78;F;2011;46617
Y78;F;2012;44158
Y78;F;2013;44083
Y78;F;2014;42969
Y78;F;2015;42952
Y78;F;2016;43271
Y78;F;2017;44907
Y78;F;2018;44114
Y78;F;2019;40061
Y78;F;2020;35445
Y78;F;2021;38430
Y78;F;2022;43116
Y78;M;2011;33345
Y78;M;2012;32574
Y78;M;2013;32752
Y78;M;2014;32065
Y78;M;2015;32539
Y78;M;2016;33623
Y78;M;2017;34490
Y78;M;2018;33621
Y78;M;2019;31265
Y78;M;2020;28043
Y78;M;2021;30800
Y78;M;2022;34675
Y79;F;2011;45438
Y79;F;2012;45194
Y79;F;2013;42794
Y79;F;2014;42747
Y79;F;2015;41735
Y79;F;2016;41663
Y79;F;2017;41998
Y79;F;2018;43626
Y79;F;2019;42808
Y79;F;2020;38997
Y79;F;2021;34329
Y79;F;2022;37328
Y79;M;2011;31639
Y79;M;2012;31536
Y79;M;2013;30816
Y79;M;2014;31006
Y79;M;2015;30531
Y79;M;2016;30961
Y79;M;2017;32040
Y79;M;2018;32889
Y79;M;2019;32060
Y79;M;2020;29835
Y79;M;2021;26637
Y79;M;2022;29266
Y8;F;2011;58087
Y8;F;2012;58889
Y8;F;2013;60383
Y8;F;2014;61383
Y8;F;2015;63391
Y8;F;2016;64117
Y8;F;2017;65369
Y8;F;2018;65528
Y8;F;2019;66510
Y8;F;2020;65739
Y8;F;2021;65520
Y8;F;2022;64096
Y8;M;2011;60852
Y8;M;2012;61458
Y8;M;2013;63468
Y8;M;2014;64579
Y8;M;2015;66059
Y8;M;2016;66973
Y8;M;2017;68939
Y8;M;2018;68766
Y8;M;2019;69597
Y8;M;2020;68812
Y8;M;2021;68289
Y8;M;2022;67241
Y80;F;2011;44332
Y80;F;2012;43780
Y80;F;2013;43537
Y80;F;2014;41267
Y80;F;2015;41327
Y80;F;2016;40284
Y80;F;2017;40376
Y80;F;2018;40660
Y80;F;2019;42212
Y80;F;2020;41510
Y80;F;2021;37592
Y80;F;2022;33245
Y80;M;2011;29309
Y80;M;2012;29805
Y80;M;2013;29686
Y80;M;2014;29126
Y80;M;2015;29350
Y80;M;2016;28785
Y80;M;2017;29339
Y80;M;2018;30418
Y80;M;2019;31195
Y80;M;2020;30534
Y80;M;2021;28065
Y80;M;2022;25267
Y81;F;2011;39943
Y81;F;2012;42415
Y81;F;2013;41982
Y81;F;2014;41819
Y81;F;2015;39673
Y81;F;2016;39738
Y81;F;2017;38777
Y81;F;2018;38901
Y81;F;2019;39175
Y81;F;2020;40671
Y81;F;2021;39774
Y81;F;2022;36152
Y81;M;2011;25318
Y81;M;2012;27407
Y81;M;2013;27762
Y81;M;2014;27754
Y81;M;2015;27380
Y81;M;2016;27547
Y81;M;2017;27098
Y81;M;2018;27638
Y81;M;2019;28647
Y81;M;2020;29501
Y81;M;2021;28559
Y81;M;2022;26432
Y82;F;2011;37479
Y82;F;2012;38144
Y82;F;2013;40433
Y82;F;2014;39971
Y82;F;2015;39993
Y82;F;2016;37871
Y82;F;2017;38055
Y82;F;2018;37188
Y82;F;2019;37312
Y82;F;2020;37664
Y82;F;2021;38739
Y82;F;2022;38189
Y82;M;2011;22766
Y82;M;2012;23496
Y82;M;2013;25408
Y82;M;2014;25756
Y82;M;2015;25882
Y82;M;2016;25535
Y82;M;2017;25723
Y82;M;2018;25302
Y82;M;2019;25895
Y82;M;2020;26879
Y82;M;2021;27394
Y82;M;2022;26703
Y83;F;2011;34698
Y83;F;2012;35412
Y83;F;2013;36047
Y83;F;2014;38276
Y83;F;2015;38014
Y83;F;2016;37911
Y83;F;2017;36011
Y83;F;2018;36173
Y83;F;2019;35434
Y83;F;2020;35581
Y83;F;2021;35566
Y83;F;2022;36925
Y83;M;2011;20309
Y83;M;2012;20820
Y83;M;2013;21535
Y83;M;2014;23412
Y83;M;2015;23809
Y83;M;2016;23850
Y83;M;2017;23632
Y83;M;2018;23875
Y83;M;2019;23469
Y83;M;2020;24157
Y83;M;2021;24702
Y83;M;2022;25409
Y84;F;2011;32745
Y84;F;2012;32554
Y84;F;2013;33183
Y84;F;2014;33824
Y84;F;2015;36085
Y84;F;2016;35792
Y84;F;2017;35766
Y84;F;2018;34054
Y84;F;2019;34098
Y84;F;2020;33533
Y84;F;2021;33345
Y84;F;2022;33709
Y84;M;2011;17889
Y84;M;2012;18471
Y84;M;2013;18878
Y84;M;2014;19549
Y84;M;2015;21442
Y84;M;2016;21761
Y84;M;2017;21875
Y84;M;2018;21768
Y84;M;2019;21948
Y84;M;2020;21619
Y84;M;2021;21940
Y84;M;2022;22797
Y85;F;2011;30562
Y85;F;2012;30407
Y85;F;2013;30200
Y85;F;2014;30833
Y85;F;2015;31643
Y85;F;2016;33606
Y85;F;2017;33442
Y85;F;2018;33425
Y85;F;2019;31971
Y85;F;2020;32065
Y85;F;2021;31169
Y85;F;2022;31295
Y85;M;2011;15985
Y85;M;2012;16075
Y85;M;2013;16501
Y85;M;2014;16940
Y85;M;2015;17657
Y85;M;2016;19443
Y85;M;2017;19763
Y85;M;2018;19804
Y85;M;2019;19747
Y85;M;2020;20158
Y85;M;2021;19365
Y85;M;2022;19957
Y86;F;2011;27443
Y86;F;2012;28053
Y86;F;2013;27891
Y86;F;2014;27688
Y86;F;2015;28435
Y86;F;2016;29222
Y86;F;2017;31087
Y86;F;2018;30963
Y86;F;2019;30935
Y86;F;2020;29757
Y86;F;2021;29427
Y86;F;2022;28991
Y86;M;2011;13692
Y86;M;2012;14107
Y86;M;2013;14155
Y86;M;2014;14554
Y86;M;2015;15101
Y86;M;2016;15758
Y86;M;2017;17361
Y86;M;2018;17705
Y86;M;2019;17729
Y86;M;2020;17730
Y86;M;2021;17906
Y86;M;2022;17436
Y87;F;2011;24834
Y87;F;2012;25000
Y87;F;2013;25314
Y87;F;2014;25256
Y87;F;2015;25336
Y87;F;2016;25893
Y87;F;2017;26773
Y87;F;2018;28439
Y87;F;2019;28351
Y87;F;2020;28335
Y87;F;2021;26894
Y87;F;2022;27151
Y87;M;2011;11315
Y87;M;2012;11968
Y87;M;2013;12267
Y87;M;2014;12245
Y87;M;2015;12744
Y87;M;2016;13223
Y87;M;2017;13861
Y87;M;2018;15336
Y87;M;2019;15681
Y87;M;2020;15774
Y87;M;2021;15347
Y87;M;2022;15878
Y88;F;2011;21229
Y88;F;2012;22187
Y88;F;2013;22303
Y88;F;2014;22582
Y88;F;2015;22758
Y88;F;2016;22669
Y88;F;2017;23316
Y88;F;2018;24184
Y88;F;2019;25794
Y88;F;2020;25693
Y88;F;2021;25179
Y88;F;2022;24619
Y88;M;2011;9281
Y88;M;2012;9743
Y88;M;2013;10167
Y88;M;2014;10529
Y88;M;2015;10581
Y88;M;2016;10985
Y88;M;2017;11498
Y88;M;2018;12004
Y88;M;2019;13347
Y88;M;2020;13733
Y88;M;2021;13531
Y88;M;2022;13472
Y89;F;2011;18464
Y89;F;2012;18677
Y89;F;2013;19340
Y89;F;2014;19586
Y89;F;2015;20014
Y89;F;2016;20002
Y89;F;2017;20122
Y89;F;2018;20738
Y89;F;2019;21469
Y89;F;2020;23076
Y89;F;2021;22542
Y89;F;2022;22606
Y89;M;2011;7690
Y89;M;2012;7853
Y89;M;2013;8174
Y89;M;2014;8450
Y89;M;2015;9004
Y89;M;2016;8966
Y89;M;2017;9405
Y89;M;2018;9789
Y89;M;2019;10238
Y89;M;2020;11411
Y89;M;2021;11541
Y89;M;2022;11704
Y9;F;2011;59298
Y9;F;2012;58316
Y9;F;2013;59089
Y9;F;2014;60609
Y9;F;2015;61651
Y9;F;2016;63868
Y9;F;2017;64445
Y9;F;2018;65644
Y9;F;2019;65919
Y9;F;2020;66902
Y9;F;2021;66031
Y9;F;2022;65866
Y9;M;2011;61678
Y9;M;2012;61045
Y9;M;2013;61677
Y9;M;2014;63627
Y9;M;2015;64850
Y9;M;2016;66441
Y9;M;2017;67269
Y9;M;2018;69291
Y9;M;2019;69193
Y9;M;2020;69941
Y9;M;2021;69151
Y9;M;2022;68601
Y90;F;2011;15596
Y90;F;2012;15969
Y90;F;2013;16076
Y90;F;2014;16614
Y90;F;2015;17088
Y90;F;2016;17254
Y90;F;2017;17445
Y90;F;2018;17526
Y90;F;2019;18131
Y90;F;2020;18801
Y90;F;2021;19790
Y90;F;2022;19958
Y90;M;2011;5860
Y90;M;2012;6373
Y90;M;2013;6430
Y90;M;2014;6747
Y90;M;2015;7048
Y90;M;2016;7464
Y90;M;2017;7475
Y90;M;2018;7871
Y90;M;2019;8203
Y90;M;2020;8635
Y90;M;2021;9272
Y90;M;2022;9696
Y91;F;2011;9696
Y91;F;2012;13262
Y91;F;2013;13524
Y91;F;2014;13645
Y91;F;2015;14249
Y91;F;2016;14520
Y91;F;2017;14854
Y91;F;2018;14938
Y91;F;2019;15009
Y91;F;2020;15585
Y91;F;2021;15693
Y91;F;2022;17197
Y91;M;2011;3491
Y91;M;2012;4723
Y91;M;2013;5195
Y91;M;2014;5198
Y91;M;2015;5492
Y91;M;2016;5759
Y91;M;2017;6124
Y91;M;2018;6071
Y91;M;2019;6502
Y91;M;2020;6772
Y91;M;2021;6811
Y91;M;2022;7688
Y92;F;2011;5601
Y92;F;2012;8076
Y92;F;2013;10877
Y92;F;2014;11231
Y92;F;2015;11446
Y92;F;2016;11803
Y92;F;2017;12170
Y92;F;2018;12391
Y92;F;2019;12554
Y92;F;2020;12625
Y92;F;2021;12697
Y92;F;2022;13440
Y92;M;2011;1804
Y92;M;2012;2774
Y92;M;2013;3662
Y92;M;2014;4080
Y92;M;2015;4199
Y92;M;2016;4315
Y92;M;2017;4591
Y92;M;2018;4827
Y92;M;2019;4876
Y92;M;2020;5267
Y92;M;2021;5215
Y92;M;2022;5503
Y93;F;2011;4447
Y93;F;2012;4568
Y93;F;2013;6525
Y93;F;2014;8833
Y93;F;2015;9159
Y93;F;2016;9242
Y93;F;2017;9674
Y93;F;2018;10007
Y93;F;2019;10119
Y93;F;2020;10403
Y93;F;2021;10029
Y93;F;2022;10552
Y93;M;2011;1311
Y93;M;2012;1410
Y93;M;2013;2064
Y93;M;2014;2789
Y93;M;2015;3179
Y93;M;2016;3253
Y93;M;2017;3324
Y93;M;2018;3540
Y93;M;2019;3771
Y93;M;2020;3869
Y93;M;2021;3947
Y93;M;2022;4098
Y94;F;2011;3827
Y94;F;2012;3526
Y94;F;2013;3568
Y94;F;2014;5169
Y94;F;2015;7139
Y94;F;2016;7179
Y94;F;2017;7364
Y94;F;2018;7727
Y94;F;2019;7930
Y94;F;2020;8216
Y94;F;2021;8055
Y94;F;2022;8242
Y94;M;2011;1075
Y94;M;2012;969
Y94;M;2013;1038
Y94;M;2014;1505
Y94;M;2015;2102
Y94;M;2016;2327
Y94;M;2017;2466
Y94;M;2018;2517
Y94;M;2019;2692
Y94;M;2020;2888
Y94;M;2021;2827
Y94;M;2022;3034
Y95;F;2011;3476
Y95;F;2012;3017
Y95;F;2013;2684
Y95;F;2014;2691
Y95;F;2015;4020
Y95;F;2016;5446
Y95;F;2017;5557
Y95;F;2018;5713
Y95;F;2019;5924
Y95;F;2020;6193
Y95;F;2021;6184
Y95;F;2022;6377
Y95;M;2011;882
Y95;M;2012;782
Y95;M;2013;677
Y95;M;2014;772
Y95;M;2015;1132
Y95;M;2016;1517
Y95;M;2017;1712
Y95;M;2018;1814
Y95;M;2019;1825
Y95;M;2020;1992
Y95;M;2021;2039
Y95;M;2022;2088
Y96;F;2011;3035
Y96;F;2012;2599
Y96;F;2013;2240
Y96;F;2014;2016
Y96;F;2015;2010
Y96;F;2016;3027
Y96;F;2017;4105
Y96;F;2018;4129
Y96;F;2019;4276
Y96;F;2020;4506
Y96;F;2021;4519
Y96;F;2022;4802
Y96;M;2011;662
Y96;M;2012;615
Y96;M;2013;549
Y96;M;2014;460
Y96;M;2015;553
Y96;M;2016;819
Y96;M;2017;1102
Y96;M;2018;1210
Y96;M;2019;1244
Y96;M;2020;1284
Y96;M;2021;1323
Y96;M;2022;1495
Y97;F;2011;2074
Y97;F;2012;2232
Y97;F;2013;1875
Y97;F;2014;1644
Y97;F;2015;1489
Y97;F;2016;1430
Y97;F;2017;2184
Y97;F;2018;2994
Y97;F;2019;3016
Y97;F;2020;3140
Y97;F;2021;3180
Y97;F;2022;3395
Y97;M;2011;460
Y97;M;2012;479
Y97;M;2013;416
Y97;M;2014;354
Y97;M;2015;326
Y97;M;2016;389
Y97;M;2017;569
Y97;M;2018;752
Y97;M;2019;832
Y97;M;2020;855
Y97;M;2021;857
Y97;M;2022;933
Y98;F;2011;1421
Y98;F;2012;1498
Y98;F;2013;1555
Y98;F;2014;1322
Y98;F;2015;1151
Y98;F;2016;1031
Y98;F;2017;984
Y98;F;2018;1559
Y98;F;2019;2121
Y98;F;2020;2188
Y98;F;2021;2088
Y98;F;2022;2293
Y98;M;2011;244
Y98;M;2012;315
Y98;M;2013;306
Y98;M;2014;280
Y98;M;2015;247
Y98;M;2016;209
Y98;M;2017;273
Y98;M;2018;360
Y98;M;2019;515
Y98;M;2020;560
Y98;M;2021;545
Y98;M;2022;565
Y99;F;2011;974
Y99;F;2012;999
Y99;F;2013;1022
Y99;F;2014;1058
Y99;F;2015;903
Y99;F;2016;749
Y99;F;2017;713
Y99;F;2018;684
Y99;F;2019;1073
Y99;F;2020;1481
Y99;F;2021;1449
Y99;F;2022;1507
Y99;M;2011;164
Y99;M;2012;167
Y99;M;2013;197
Y99;M;2014;184
Y99;M;2015;202
Y99;M;2016;150
Y99;M;2017;125
Y99;M;2018;177
Y99;M;2019;224
Y99;M;2020;335
Y99;M;2021;334
Y99;M;2022;346
Y_LT1;F;2011;63694
Y_LT1;F;2012;62808
Y_LT1;F;2013;62560
Y_LT1;F;2014;61064
Y_LT1;F;2015;60774
Y_LT1;F;2016;59793
Y_LT1;F;2017;59434
Y_LT1;F;2018;58482
Y_LT1;F;2019;57925
Y_LT1;F;2020;57773
Y_LT1;F;2021;55785
Y_LT1;F;2022;57928
Y_LT1;M;2011;66518
Y_LT1;M;2012;65893
Y_LT1;M;2013;65104
Y_LT1;M;2014;64131
Y_LT1;M;2015;64029
Y_LT1;M;2016;62588
Y_LT1;M;2017;62345
Y_LT1;M;2018;61089
Y_LT1;M;2019;60344
Y_LT1;M;2020;59881
Y_LT1;M;2021;58431
Y_LT1;M;2022;60555
Y_OPEN;F;2011;1432
Y_OPEN;F;2012;1576
Y_OPEN;F;2013;1614
Y_OPEN;F;2014;1650
Y_OPEN;F;2015;1737
Y_OPEN;F;2016;1587
Y_OPEN;F;2017;1500
Y_OPEN;F;2018;1408
Y_OPEN;F;2019;1275
Y_OPEN;F;2020;1515
Y_OPEN;F;2021;1804
Y_OPEN;F;2022;2135
Y_OPEN;M;2011;198
Y_OPEN;M;2012;215
Y_OPEN;M;2013;216
Y_OPEN;M;2014;238
Y_OPEN;M;2015;262
Y_OPEN;M;2016;271
Y_OPEN;M;2017;256
Y_OPEN;M;2018;198
Y_OPEN;M;2019;210
Y_OPEN;M;2020;271
Y_OPEN;M;2021;354
Y_OPEN;M;2022;422
